Name,1995,1996,1997,1998,1999,2000,2001,2002,2003,2004,2005,2006,2007,2008,2009,2010,2011,2012,2013,2014,2015,2016,2017,2018,2019,2020,2021,2022,2023
Afghanistan,10445,41757,8040,33439,57252,12659,47410,86692,14048,64839,95923,317770,6418208,152311,128035,63772,139009,365732,9200,42176,16124,90747,130265,337434,66738,106735,206527,436425,231796
Albania,1835,57242,345902,32580,62837,178499,356963,74111,478958,154426,479388,808182,854863,1192093,4126978,6248850,2545338,2176564,672666,1618564,212182,231858,209558,278787,688311,775574,2195314,1295183,338654
Algeria,129069,102523,81832,41049,1483147,292095,23840,32922,545573,132736,1198589,273368,184933,279013,536558,122591,141090,132521,197112,326281,165876,1172754,1031846,152965,659386,308976,247582,1598946,1059217
American Samoa,0,0,0,0,0,37370,6977,0,3703,172532,134419,133369,53361,9353,22790,22564,910935,3994071,389975,13135,3442251,994797,297901,0,9655,25402,3140,15057,18784
Andorra,526684,5364,4125,35418,30657,2274199,571484,820128,506783,115953,617936,530155,1271280,4379284,4899415,11323938,5595705,9253757,11848192,6162072,8516441,12058059,12851607,14078494,16193098,9657995,11680839,18649613,25457668
Angola,0,0,0,2291,0,1862,134956,82953,22460,10558,198895,117424,34412,4575787,731925,115774,48344,20987,60120,25812,697041,150892,343559,227803,96820,41701,60434,131950,211703
Anguilla,7191,0,0,0,0,10240,11120,22773,44305,11701,1964,20148,0,67684,43096,12076,0,7975,3515,1368,0,4455,118071,63841,1555,60876,20878,4049,32172
Antarctica,0,0,0,0,0,1665,0,0,0,0,0,0,0,0,0,0,0,8414,0,35495,0,0,0,0,0,3574,0,0,0
Antigua and Barbuda,3997,0,0,458553,32431,133497,7803,65580,157002,143866,61549,86453,39196,77647,380683,96003,39373,157327,215968,245042,32129,12064,7972,1281113,112,0,16032,103462,0
Argentina,1194963,1429413,737249,532552,673055,1002204,1561846,414649,486380,1072730,1096714,858116,2219203,2500556,1307634,1500598,2314752,1277958,1079637,3480237,3993558,2199966,3581669,1762445,1609630,1951905,4535536,4081432,5095388
Armenia,4305,0,17305,13404,6835,437837,34765,88875,52595,32790,46247,203678,1732431,10593,37615,313906,1324311,1230441,228185,25891,28375,264333,22684,45814,269739,45607,8742,14086874,20245217
Aruba,85494,78498,6289,6266,0,1757,0,0,131878,277903,67734,448204,948928,1222540,5971138,353043,76461,35549,30008,10120,9855,24055,44199,98816,258803,10550,9843,0,70361
Australia,53337277,59163876,78391469,63747440,87903637,92979575,82217665,77477261,84427790,100009254,103769773,111310294,118024203,94847361,52547364,75183657,70793283,61731773,42183170,50263204,58152543,55503087,55930874,64139799,68530711,57471734,67678621,86814237,84668742
Austria,441114909,383820188,350963956,460620774,513006177,640454456,836290384,868187718,857075038,981598471,859243692,1150485631,1112525485,1056163739,673492436,899322690,1101982615,946602264,1013344048,874039347,789971341,822398961,909450460,870857970,773067659,688224895,781050106,897993619,961605535
Azerbaijan,0,45391,57221,12348,566240,98643,25597,25370,31606,160077,29202,260181,59074,799386,1683,17304,6829,27191,369664,83516,236602,53109,43514,127132,76539,64685,362593,222022,113286
Bahrain,211421,321666,279941,398514,130416,118261,90405,108652,76301,101032,84113,120496,245239,208594,97049,329656,230442,130193,1879765,4078890,4908121,3840381,2650203,1794025,3174816,5124141,3010902,7658084,8956956
Bangladesh,28178,0,97624,2011,99665,19124,9785,60515,70190,98484,561268,126714,141459,85124,101575,47755,278678,305998,22133,106916,87408,302091,490588,154408,244095,1010127,571014,2625867,3031583
Barbados,23621,217056,656872,557816,316846,909383,287199,24507021,9380002,119783,80234,362330,62938,70382,446978,62137,48129,75010,131197,105395,165778,71057,304354,115351,221279,181447,370941,49785,241712
Belarus,7751264,2866166,10119402,20619417,17074345,19403528,21754745,22108590,25677775,25028833,24534438,24563307,28559179,37522590,30298749,30673195,44456657,67629193,70709569,66702576,54243420,54091238,60112591,54580102,27767192,24564989,28683459,14350435,12564297
Belgium,318251614,690557949,691234403,613955687,701306478,1169282399,936278585,611470390,698616906,823601520,964432552,918296936,1167237689,1102736321,665395458,575598073,453727713,382613828,464928164,481551832,596271316,576259892,734819052,735645518,1310736037,1592020145,1930126204,2209822425,2532593255
Belize,9281,43099,106915,3983,22890,2049365,0,15456,79299,1130327,1081211,74249,416188,1053674,56765,439673,34575,28010,34425,16891,26817,9785,20316,3175,7050,0,3989,497723,15189
Benin,0,13802,17001,0,0,0,793,1645,0,33071,0,2753,0,0,0,49823,0,3013,9493,0,0,0,1152,17627,10918,563,0,155035,278995
Bermuda,255134,148848,28083,96248,1309,2271,49176,0,2270,1691,728638,497344,152392,17692,9653,134588,113961,72789,71527,17655,16528,0,12302,124496,58279,19063,13766,501751,0
Bhutan,0,57253,12996,0,11864,2390,0,12684,611810,0,12178,109416,0,298680,32010,4178,2444,6436,8252,0,1867,0,0,9768,86962,37653,0,1875,6844
Bolivia,6294,0,2430,1616,575,27338,10298,3897,31764,70822,39338,80398,275670,539170,692376,2033523,360891,132605,142558,142910,528631,818807,108768,79529,72100,71697,95621,61364,291148
Bonaire,0,0,0,0,0,0,0,0,0,0,0,0,0,0,0,0,0,0,0,0,0,0,0,0,0,0,0,5654,4770
Bosnia and Herzegovina,8337,35080,6234,27138,66593,2659,10372,23617,187197,128812,472601,1002909,831612,586623,278623,202978,213314,149793,160424,241622,451671,548097,1206225,1739042,1950649,1926841,2554004,4267715,7230286
Botswana,0,0,0,0,0,13140,5338,846,9775,1057,42126,125167,11096,9699,37313,49103,37835,6235,18653,13566,3412,89109,110177,20935,11282,115469,73354,75487,28579
Bouvet Island,0,0,0,0,0,0,0,0,0,0,0,0,0,0,0,0,0,0,0,13947,0,0,0,4185,0,0,0,0,67263
Brazil,7673718,9075469,8726938,7837351,8035146,42006303,53806401,64088624,34881863,46767167,53943599,76692269,77445294,75979528,94645644,125501812,141608522,139201095,136584919,139617785,174595256,129344864,137370967,129998382,82926846,106173391,117229032,148747435,185741660
British Indian Ocean Territory,0,27978,0,0,1237,1273,0,0,0,125958,464893,73142,36908,57647,53701,0,146365,10917,1026714,642885,1406563,577375,6854437,118504,65836,143813,128031,29382,10722
British Virgin Islands,140549,845006,158287,23942,928362,656920,455717,152780,502539,200646,590334,965334,372861,2022780,4430623,490900,2363218,280502,464950,79418,43674,31745,779281,786650,1205736,191384,892161,66972,71154
Brunei,46920,13687,1112718,495715,33142,19910,170517,9254,132261,103682,2710,5709600,306578,198533,156657,465176,67456,74906,130418,61798,197610,189646,8220,64922,11682,32022,89166,128648,442349
Bulgaria,1802633,3854745,7688110,3227218,5303421,7155559,6734127,10938532,20317977,22978852,41456014,48956734,74118215,91436941,57595025,84625723,95440852,110049779,150444375,172741463,165544512,197128023,220831043,296494045,217139984,240980437,345428925,437254527,535987047
Burkina Faso,2618,8179,80389,104533,82880,59816,62534,20881,16919,29292,168650,21308,149381,9880,96991,52760,38727,48938,17670,148371,23945,3165,3353,92537,21098,32832,49692,17701,281023
Burundi,0,0,23129,0,55310,0,0,0,0,0,121952,70834,5751,69,266609,317246,10388,2666,0,13422,2674,2444,0,41992,5434,0,0,0,0
Cabo Verde,0,0,26820,74855,4386,3352,0,0,0,0,5844,147074,1806,4513,26108,393883,2925,3725,87448,138614,24242,24797,1372,26066,51420,179354,4180,25185,15934
Cambodia,5902,72374,1839,0,119933,193185,325360,409632,62081,107899,250082,652705,435483,47456,186311,98863,109770,920471,133180,388477,402555,1180898,1206773,3067958,5356611,9563256,13787802,34665296,63357653
Cameroon,56823,5972,24809,263407,1711,64347,75899,3693,41423,547140,522803,107274,177883,765498,592886,3845834,301125,726521,1034334,114042,238216,409168,1010957,731999,1529425,303567,944007,1214431,853293
Canada,2203140060,2754555064,3343493922,2845032045,2556859368,3166004772,2183480332,1507506464,1594503637,1889083468,2408504180,1940930867,2048772715,2573873662,1989663980,1550536000,1921648640,1708329081,1659532015,1471607318,1060473347,939421106,971804758,1116124687,1193826961,858894535,891040562,1121097473,848428710
Cayman Islands,8209,717859,0,52304,14613,1744968,29126,56652,1053017,508132,157633,242685,1249594,838514,858411,799843,622613,348225,78948,680007,1411390,1625684,1168247,969801,1455857,1989224,2846255,2440358,1282716
Central African Republic,4607,24946,44163,156395,7667,6936,88499,46669,2570,11550,13241,21626,168593,383701,927694,51578,1040,34049,31895,21112,64775,2120,10377,0,4968,56084,8672,3803,6928
Chad,1242,0,2163,1311,0,14749,24109,34771,0,0,48777,137341,60691,43548,33327,72470,6621,45369,6267,11775,76112,65495,49927,401374,70946,65781,3828,32659,49630
Chile,375763,353038,244077,438974,1584267,1127138,2868630,3781386,4328000,3639650,8097681,7184477,9154306,7652010,5446690,2458650,10240760,8352503,3397925,2118300,2065001,2731453,4179593,2312614,5379517,2318382,1897873,3142726,5267358
China,596919090,652039994,997036341,1241221027,2198127769,3124863397,2738742187,4371208578,6626185393,11258913871,14584526254,21413201814,25242167693,25953890285,24207438455,30316877851,33271256646,52034176672,84960160286,60303558927,68694636530,60927122152,76023683286,88179695572,1.04392E+11,1.16367E+11,1.49837E+11,1.49489E+11,1.34167E+11
Christmas Island,0,0,17938,0,47076,0,0,92301,0,10946,45916,22833,61584,2522,174521,32105,55100,0,0,13049,15680,18023,0,2842,57993,5989,20619,21683,0
Cocos (Keeling) Islands,0,0,0,3901,7290,0,0,0,0,0,0,29626,42176,220346,2892,64986,0,80155,64867,180709,4214,29961,5607,55502,24249,155556,1286559,1321,0
Colombia,75322,218921,273119,844960,257562,451602,363515,1231192,383658,1447909,827774,1032051,960497,4767206,13916037,4415548,4132542,5015699,9933626,16460363,25256102,27537312,25457754,24602906,54547515,59812312,46997727,73114627,89980683
Comoros,0,0,1542,0,224916,0,0,2269,24866,7234,0,30186,2214,22035,1059,0,8597,0,0,0,0,3994,3406,18624,0,2147,0,0,0
Cook Islands,0,0,7805,0,352359,0,0,19079,1477,14456,20521,76526,28655,110351,22090,7502,36345,0,0,20573,99759,16565,35973,0,1758,0,34314,2874,0
Costa Rica,1343593,2237995,8318848,528854747,112948899,212467793,246869211,728027851,904571569,635599860,1078356433,1367746602,1704580118,1170807618,1330961731,1455482878,2327345614,3166820217,2870409369,1968708733,235017120,243919389,90945122,72695757,46467272,661365395,1375466735,482689838,219793298
Croatia,237598,432026,752203,1112621,1449250,1280043,1506865,2811420,3746684,5450921,6432639,6298160,7722323,6517995,5322439,5059868,6194778,5004817,9209751,7287525,8503071,9733301,8067640,8736222,14361526,7241222,10502404,11480425,9675155
Cuba,0,244325,115680,8588,241250,65859,128413,986684,198851,2081350,2845494,2632829,2190202,369260,115458,164765,213851,2402117,340366,160524,149191,2750300,2617872,2449356,2374208,2336479,1481052,1265781,31554
Cura?ao,0,0,0,0,0,0,0,0,0,0,0,0,0,0,0,0,445158,142198,156911,128899,19117,472554,104543,56715,299893,594239,474581,461249,931571
Cyprus,246086,465636,1213234,397225,343775,1096589,1525942,897466,1974891,8176711,3783664,16698642,17690059,6415717,2422776,11479484,8661568,8020555,9779265,4955538,3616108,635149,1503309,8372304,1248787,1640467,4700188,8039476,23030544
Czechia,49866432,53540013,55212064,95531690,71849258,116724416,202596744,236336580,183708995,245228708,426751907,558391138,593074293,757278276,723278501,956666168,1285234533,1250939443,1103394989,982620451,1119311701,1275134872,825413755,895725875,1012827132,1244618102,1318788922,1204347243,1120773600
C?te d'Ivoire,2654098,72950,72529,116182,80930,135197,61743,25030,435501,66273,196542,1231224,495118,572605,405628,516744,409721,108756,75431,295988,111768,234153,299026,922048,378762,115183,227574,2334913,1620718
Democratic Republic of the Congo,3812,0,8288,67016,43070,176298,47720,195139,92668,10117,39664,195143,119475,22246,68746,1074,8772,19383,24282,4695,41311,45191,6183,8771,23048,17873,28682,104406,84921
Denmark,34083818,51581754,77394351,114691367,102680037,152469836,155449740,169423061,122361368,145793089,126268694,110299477,247327709,161171380,112404907,129452024,149573077,136951721,156775454,220725825,186094200,204864528,224286706,239067427,223519022,226440189,284567030,302610229,253118270
Djibouti,0,0,0,0,0,50299,4533,68807,0,0,0,21077,0,0,0,778189,0,32174,0,0,0,0,25750,23689,42609,0,484449,58923,436284
Dominica,16170,60952,104846,233095,209625,254247,24887,28180,12899,33931,37142,37575,28612,16909,60390,235958,21616,14281,171542,0,0,18582,0,15022,0,3382,10048,31116,79657
Dominican Republic,965154,299223,191229,206446,341234,74102,757767,302547,387708,373088,603663,2145238,2486768,2818385,1048675,732179,224629,2891319,3787576,4674627,2709316,3870481,4565259,3450337,3542884,3487085,3330354,3836016,3381633
Ecuador,100539,337981,85806,77050,189370,146521,83231,108910,344935,292418,301367,560598,850616,1222687,483015,531290,1115970,983715,662876,830132,593168,374011,787414,775820,770028,1150128,966273,1960258,2576367
Egypt,60150,40177,177563,293676,154388,240220,5502545,427806,540323,508074,1503239,3663654,2116712,51137058,11299715,2755960,3581457,1534763,2449501,2036427,2259935,5398219,12444882,8447233,16580182,18570969,13041976,19598664,16083801
El Salvador,26413,173351,119535,132014,33756,103151,179891,463165,158024,183989,443751,512742,200257,977214,584113,655555,616580,393091,2342874,1657325,1373071,3035909,4523267,2739758,2642802,1987823,2582837,19046363,2042633
Equatorial Guinea,364613,9100,30135,1306,0,0,0,0,0,9469,14500,0,86687,2719,63713,4242,3948,0,0,9880,18255,3194,0,1389,0,3218,0,0,0
Eritrea,0,1566,0,0,50978,146283,601088,305942,29472,109131,0,182566,85284,0,3273,19620,61989,63554,10219,0,0,13790,0,0,0,6840,7213,3386,1571
Estonia,911807,586761,2007612,2026333,1561356,6164349,7064930,10330876,22477678,19113306,61165958,34705095,32147990,22881054,22022689,19364430,36377372,33397334,36146454,42785187,34112446,60385660,46141737,53555434,47974934,54064795,37998442,61178239,61064538
Eswatini,0,0,0,0,0,159875,438454,3919166,447365,213436,272192,870474,1608688,686767,607341,14756275,13049922,3788887,498656,576278,558698,407442,361253,187699,246203,132452,277569,337676,358993
Ethiopia,13908,212022,0,72222,6484,0,2486108,0,0,0,164471,186658,183999,610623,247183,56244,22895,37312,59770,1161326,167216,817471,335794,466821,220937,323686,330392,1810831,108185
Falkland Islands,0,0,0,0,8137,615205,0,0,0,24782,63371,0,0,32213,0,0,0,0,0,0,0,0,0,0,0,1869,0,6672,0
Faroe Islands,0,0,48559,13944,2204,0,16738,33388,0,11156,5835,4063,199582,2148,12276,0,20548,1656,0,19636,1769,1272,0,2308,8692,0,5979,96907,85132
Fiji,0,10295,4167,150682,28401,189617,53186,189509,31909,18241,27937,119680,23889,17625,7868,21115,9265,8981,8334,18852,43761,212998,222642,510535,141376,41870,14631,27318,141187
Finland,86472568,83622506,92303790,193840964,232023358,354071152,216004203,159623688,259514677,465634338,270054011,180476053,256899927,262735323,157748472,158997178,198922711,216509182,256998463,339378658,280154963,376979544,475372942,464082555,334184897,236280853,297339596,744829591,594649095
France,3931519123,4333140540,4979592351,5755138421,5688431596,6640815299,5339039652,4516448710,4848608044,5585741171,6557495999,7118215186,6894058238,6593641042,5007358912,7307139273,8502065756,7398762081,7653808816,7432321637,6961733227,6766828713,7037440741,7599579789,7710841866,6406120926,7284749018,9603050492,9291895848
French Guiana,16503,0,0,0,0,0,0,0,0,0,0,0,0,0,0,0,0,0,0,0,0,0,0,0,0,0,0,0,0
French Polynesia,0,114395,139292,56947,91529,274083,81693,264699,296411,22174,80193,88178,60640,110824,56864,69219,133684,221989,37265,17257,30283,174469,119717,61962,50370,25617,190997,113612,265290
French Southern and Antarctic Lands,0,0,0,0,2180930,0,265897,0,0,2022,0,0,0,0,4168,4365,40602,0,0,0,5416,0,0,0,3119,0,5220,6614,7901
Gabon,0,3783,5481,1584,67445,18709,11377,65627,300337,56654,96270,259432,40634,127213,93871,1449274,865953,873718,454412,95048,255450,207122,72213,87928,64609,253120,253976,169333,247363
Georgia,139629,266128,46972,191991,750570,3146714,305194,841613,630487,1727056,1280682,11474055,831958,1825895,531988,315437,1868060,956811,2668469,978328,1054929,481267,420281,1021080,1853173,424261,9727281,752876,492011
Germany,5353278226,4864794759,5282269993,5778116994,6161971709,9048002699,7901091869,8075210582,10189580245,12221018038,12025522788,11745020167,13021000825,12462441031,8083366559,9968241351,10327646453,10419555659,11498920634,13400263116,11634661778,11870370013,15200591116,16070329687,14493242411,12521888582,15537991164,19162477079,20696542582
Ghana,0,7819,18726,1425,7411,100692,76328,48952,32427,26080,35951,6685,207653,208164,24937,46416,1120262,321901,349164,1630071,1306025,394450,135506,379232,148046,76839,565821,2809631,2463811
Gibraltar,217991,1610,0,48709,0,0,4030,13604,10217,103969,14015,1488,32059,12658,2604,5312,3745,486333,9259,9264,5539,6944,14011,3839,3826,0,5671,1354,0
Greece,3115306,3342760,6662403,7916851,11336685,20191510,13673723,11903663,16912651,29254207,17603111,22834902,37257314,44984233,43980924,27435071,24055476,9558050,20654193,18572384,15415500,21905510,25162667,36868903,41612703,65430177,91911366,63883780,71862056
Greenland,1773,8481,54960,54601,5472,39354,20350,871530,10445907,3141,9707,7343,48381,341185,21034,2686,0,0,93693,1430,69397,0,0,0,1792,0,29631,9692,61122
Grenada,1791,18982,17280,0,0,0,0,3074,0,14194,41455,4831,496551,2785,7599,679,21523,11444,4588,17021,11047,0,9213,258092,9820,10618,11518,3866,1283
Guadeloupe,112878,0,0,0,0,0,0,0,0,0,0,0,0,0,0,0,0,0,0,0,0,0,0,0,0,0,0,0,0
Guam,0,0,0,0,0,6695,2111,0,0,16976,6110,36493,33314,50299,3049,10931,896781,6558,130655,21458,9923,6126,4361,27862,5098,1207,36627,29408,48630
Guatemala,1701,19280,5313,20239,167150,35030,322476,247788,634033,817550,973522,485391,890780,811805,454715,302073,1369238,1518076,868978,894479,586182,1182896,2457107,1706172,275878,543165,2203080,2322916,2543022
Guinea,2546,39541,15064,1801,121159,8715,0,0,3285,10489,57131,38052,211088,671,25488,526784,27544,26174,12492,28342,3391,9028,44797,9340,1428,36969,2156561,175116,471181
Guinea-Bissau,0,0,0,0,126166,0,0,6742,0,0,0,26264,0,0,13890,10360,56714,0,0,0,0,0,472,0,6162,0,0,35662,0
Guyana,0,89993,0,8346,0,4334,2590,21154,41922,40384,4583,157028,17200,32292,13496,51053,34294,48114,51050,39959,20955,48414,101199,118995,34292,3020,22796,519,50730
Haiti,12624,10774,459769,279754,185060,64440,3091,39086,7816,21643,24312,213672,77974,59548,52393,23754,19653,0,118629,30055,18161,16172,15975,15687,102937,73120,108125,225894,33158
Heard and McDonald Islands,0,0,0,0,0,2302,0,0,0,87209,0,9277,0,0,0,0,0,0,0,0,0,0,6488,0,0,0,0,0,0
Honduras,13976,52432,407493,26233,539885,186996,229481,86682,42064,171251,211944,174641,549624,386317,257028,156703,728573,1136007,30822,239733,467223,13491612,17897577,532682,1590529,4223230,6689489,1117560,7071635
Hong Kong,3710245019,3606257932,3326268948,2910170167,4072288707,4727186875,4656210276,5772572066,6763461705,8193964869,7836428408,8700672500,10493259582,8447218139,7934749555,10907181207,11965431964,12076962442,13936706408,14376320006,15522450800,18458877218,13454928789,18537836339,21324234815,21037617154,39448189500,40432794991,54991122171
Hungary,7160719,10528415,17281195,26075055,46021535,95015272,180526559,98512114,130035714,278878333,432104965,464500064,377298389,295215201,277222400,436587464,540112810,460677265,443737998,457224465,309468008,264969789,311388217,346504362,491208908,364052825,457202136,536530208,579384130
Iceland,151471,1366110,3566575,1625993,2841524,1023655,1134068,338389,6330394,4493999,1566987,1649823,1364058,1455292,3140081,2779818,4028691,1296100,852905,1345987,1019764,837069,1230900,921720,883146,2002669,961750,3764963,675581
India,63246992,101377267,31877581,21514569,12987286,31352654,32040404,22567803,25330966,27373025,26367651,37870518,36274948,40298294,154939168,107393335,172899886,213246602,187596517,152414094,150605943,179692507,181013037,301759745,314159201,333795741,542246572,690347836,297830154
Indonesia,98312027,143552198,263859765,255061753,324021683,449289467,295027452,284613167,375250399,388303231,431739481,388100997,942760492,924444962,652794131,571088188,667523892,554844652,521896611,523545603,430202222,357911154,549901943,400560960,291786997,267805183,379322030,554078300,764858390
Iran,2005281,1062356,289126,1228985,603709,265209,1021662,4190923,2147834,733516,1016823,2512006,11910763,1283056,3497100,1533587,1355344,1477089,2362935,2951763,1329037,10841675,5149879,1278867,2050871,390588,615401,2434940,4137075
Iraq,0,0,0,7228,1094,61577,0,0,46884,205074,32127,17744,289438,13501,42695,10451,0,19172,112373,196994,4646,1786,8728,69205,290615,208728,48828,43664,36947
Ireland,1381091308,1439356072,1942665806,1991818648,2593602203,4011989730,5356482857,6435320728,3556314697,4543512817,4092122061,4181052584,4212708121,4508828732,2900859640,2232489520,1864800320,1409824158,1029688529,779067460,1632177035,6853799877,6053610873,4163074663,7397221559,7745336097,11534777358,11371044992,5908671182
Israel,441592286,414945296,531284475,398061972,404923314,315732480,266915950,148932666,746032921,911905327,619103900,676474358,633089934,793466213,3108665674,2091893537,1488170616,2159251883,3456432567,3475222442,4822283439,3037052113,2817101393,3067957773,1933281248,3066414552,3648653665,4780067646,4319431826
Italy,1748728953,1711848209,1348720759,1391532857,1381059786,2353209588,1912428942,2039585382,2254429039,2908115494,2533827196,2803289802,2765040978,2307683068,1540162104,1788474047,1928425066,1918917590,1721896662,1322701631,1076221026,1133162300,1682783432,1617831471,1407141583,1243568970,1496091337,1887082489,2088854827
Jamaica,123789,145152,52734,138224,100051,34165,79141,51690,344930,69326,187286,176308,158846,4758816,153785,96238,76098,141835,162501,61676,827224,158925,375281,97206,251506,64940,48474,218177,178749
Japan,28967456238,24632649295,22584353075,19191913891,22415655495,30214568635,21726186795,22939986258,26165025170,30090349494,29143791552,31089543409,34761547304,33321125539,26941778350,33864840262,31863916983,30412944870,26763959769,25657040030,23858630266,24273807928,29983947229,29269171379,28286515170,29264876727,33926364858,33397515232,30778417485
Jordan,181126,40001,295420,108599,763323,1913723,2985441,1909374,1117253,2493887,3336942,915836,1212547,529146,312432,1130031,126127,533517,148859,1345669,350084,188826,209482,145505,366177,446956,331478,1860726,3501782
Kazakhstan,64274,22803,47179,0,3352,7214509,108833,417161,373803,682657,749523,793934,1629283,136943,747478,237354,604610,1867433,2593150,1438096,534943,1861224,761868,705179,855451,622204,897351,22471536,19482592
Kenya,1150058,3079752,550535,570864,4525115,5838760,1376106,2655306,1256811,1656185,1169676,1452950,1082480,4227825,1879798,2860108,2113484,2829465,1572363,814554,966937,6050899,4459095,679944,3225517,948271,1167352,19800271,3047051
Kiribati,0,0,1014,0,65790,61437,21195,138194,2397,58103,25953,10724,77547,21796,1112,0,8147,2170,49215,0,8903,0,8533,0,20696,0,3921,21921,24859
Kuwait,177093,214831,31752,35794,925591,70116,503277,60673,77544,35063,625019,696852,1193280,492402,712450,134142,1054851,54620,217045,1013670,341253,356069,461640,369731,411547,749094,225228,460161,3724856
Kyrgyzstan,304651,82415,33624,40184,27180,2062,7716,46227,20393,60119,935734,368637,89957,56914,184482,241547,198310,176679,95073,26108,16688,149583,110935,39341,32155,380252,33662,1511294,14739533
Laos,0,0,19868,113515,0,9528,0,0,0,10469,1474,41964,5850,31480,116900,212338,19287,0,9314,34737,62441,86180,268719,1463112,1305492,496186,158169,1062333,1021387
Latvia,1206152,983590,3546441,2480093,4701410,2262431,1876030,1582776,2492503,5402002,9063941,28665316,18022540,14328900,9731674,9044115,13679511,16640242,24746138,24058817,34973287,30934038,29249183,24748854,34174795,40683846,118534283,103299194,79823208
Lebanon,87693,54008,755544,35680,143032,110095,270335,708838,337909,1023835,1151200,623170,1824693,2340786,10693301,57039313,6609629,4106141,6616119,4398314,6002719,7419861,4388713,3269014,4278444,2518873,2841525,4417297,5176150
Lesotho,0,0,0,0,0,279933,2530,51983,552593,29729,37643,1938,109,205174,142,4423,995,5973,2247,7055,0,1711,791,274099,7150,0,14596,0,0
Liberia,7014,11243,147512,28698,102949,49387,100687,0,329283,17698,57434,1311,29716,2481,14269,38691,831636,17449,507688,0,294077,1284,3361,5512,39046,48746,18568,16441,48515
Libya,0,11357,1584,0,12959,0,9751,0,0,0,13569,0,22920,158526,273965,30815,0,1333,16713,4055,2806,31622,59663,3228,0,4228,0,6290,3109
Lithuania,1239822,1820218,3691323,1290945,931499,704309,805535,1230082,1046957,1386623,7145163,8827351,7830663,6969516,4530933,8318021,5898798,6230151,9505564,16005282,10169750,11481327,20819964,27200152,28424695,27305072,29683097,39529520,36619356
Luxembourg,0,0,0,0,151924470,195375890,72975481,36201898,31418242,14810094,37823065,32263784,17547428,38269699,48332552,18101491,24415941,19080165,11182694,8606252,5348692,7985146,6402030,9667779,7239315,9224144,11792847,10472217,6199557
Macao,2937803,2467108,2806909,10447848,5165752,5617338,2748929,1217856,837858,1357830,2813245,2982524,4385107,3551104,1991698,2768184,1678966,1780565,2060774,2316974,2886517,2006373,2067437,2756528,1181422,8037489,9666722,81208393,50858770
Madagascar,7327,43655,8018,61919,66628,186837,93616,44156,174388,486387,489904,361863,240593,148759,235417,224847,125285,137870,196589,119555,156708,178682,8880,37099,94252,44186,169849,34890,365866
Malawi,50337,10852,72303,252346,24725,46609,100506,45736,67897,104081,78527,75329,111088,145953,604074,456189,816040,52317,47388,48052,126170,129262,66624,74233,85772,167970,1332737,1200411,139625
Malaysia,10346471244,11119751941,11278011912,10960471997,13698045262,15638064742,13248828797,15226379448,19122915092,19219779851,19522917017,21249265760,23265156511,6091809409,21414573641,23144380108,27785439343,25829163297,28284955571,31339125639,27600320929,26880406582,39935386896,47856857698,46842367135,50748802773,59313180480,78489040661,74351182033
Maldives,1905,0,0,121153,17061,47580,33941,82867,1159505,246032,121345,135920,143609,71080,10381,42029,1297708,837344,272265,259881,10525,297900,184278,133959,141011,201533,132431,157602,4489773
Mali,1596802,4121811,597375,1861115,4702486,9297267,26687106,3342797,1367506,1291069,940923,508904,1857407,804262,489945,6100582,2436138,254434,999186,1428251,861636,618117,903954,247600,2086565,787971,1158879,1585760,1493401
Malta,656750191,621128623,620483796,894395127,826315371,1116014306,939055264,975490759,951869591,1511633399,941101303,1123246607,1567881982,1241879226,1135689895,1383280235,1524478384,1680351211,1328488302,968331396,735910079,650552059,767996739,751719035,735071541,487745230,475400684,737778656,886777160
Marshall Islands,846815,0,22024,13062,80992,253015,36133,210686,372381,83155,86304,145673,8989,24711,210558,200502,54795,0,1666,6153,19346,2545,4107472,9976,24912,3260,2219754,202354,61500
Martinique,30617,0,0,0,0,0,0,0,0,0,0,0,0,0,0,0,0,0,0,0,0,0,0,0,0,0,0,0,0
Mauritania,32791,8458,166628,1407832,109774,63550,146488,335867,1433051,1689280,726279,602065,137846,289351,186932,142124,113330,83443,81246,154619,140415,45343,140857,177517,201963,122133,243988,576850,117482
Mauritius,441647,329016,80336,106917,350571,101617,485254,1280989,3111105,3801621,6169821,2853243,1294992,952717,863050,816548,1262298,4235581,1663358,1479838,508184,963352,832086,1267407,491467,10238068,2292411,1866054,1609672
Mayotte,0,0,0,0,0,0,0,0,3199,386414,99182,103029,4820,0,0,0,0,59842,12614,0,0,0,0,0,0,0,0,0,0
Mexico,581507191,1133007697,1068916404,1086751308,1488606473,2026175261,1006696908,821024373,1118470211,1368450224,1193888852,1198895956,927607819,946162995,841770962,1104485616,1244434050,1600365112,1733851329,1720498472,1977844623,2001272284,2337584092,2355391786,2488420177,3250354677,3498075806,4208564093,3500481051
Micronesia,0,0,0,0,0,40329,21959,1330,1669,100733,15902,3314,0,56044,11573,0,1409,31724,70179,17277,4843,0,0,5535,0,0,41350,611455,0
Moldova,1875895,785093,625336,167943,84124,91004,11527,11181,15904,34892,77663,61774,84851,160708,2460637,3747535,2213057,126964,200345,181365,312532,418704,2057654,1076159,723867,209821,474683,513771,1018614
Mongolia,13200,172879,7184,0,166763,28350,685562,180453,27185,11042,28748,149475,81020,197463,258061,68920,107233,1752393,6190,271809,202218,20841,107883,5791,59760,16131,89714,46913,22932
Montenegro,0,0,0,0,0,0,0,0,0,0,0,153969,12129,10566,55238,9086,503653,672596,112444,81725,153529,44499,76302,399810,817021,195270,78024,194058,278248
Montserrat,0,32765,0,57118,369035,0,0,133565,1830,13408,6952,4623,13939,9003,347815,45170,13524,68619,27045,10643,8934,10080,43318,12587,5090,170760,1705,84171,14426
Morocco,23742652,33321134,51010987,93565613,184647639,135830197,105314613,129789355,91878850,132657822,171188503,194492742,269967648,318710422,268815936,359375257,380234610,349845822,286416070,336465132,279766729,154547267,206629912,331541366,197792655,132097185,139652311,181224794,229330555
Mozambique,544976,49128,68779,2551,1447,261880,83892,123349,271868,292054,158197,46656,70277,34334,59782,183476,168475,31496,107418,24932,15796,270442,18867,73359,29805,290149,87141,183921,281169
Myanmar,26359,40758,13480,16926,567601,236680,19908,89923,345976,2326673,158717,108621,386477,40016,278192,166884,131872,170983,1549040,98713,266986,831034,75536,370356,884711,7948300,521710,1733662,1026925
Namibia,0,0,0,0,0,59019,65173,90325,340772,628178,274812,905940,574294,222065,707334,501429,3685602,4735768,4848949,1026117,1179330,2330564,34966392,321286564,2092043,5483637,630779,560311,86514
Nauru,0,2285,17557,0,44704,0,0,0,14376,2455,0,0,0,2604,10128,10345,394197,0,57777,56821,96806,180245,151709,18283,9106,24894,30050,84610,5931
Nepal,54582,0,0,27667,47236,0,0,44384,3052,79841,2481,71186,681950,2808348,45529,233244,114359,608674,84122,0,0,139785,0,32208,931,20757,0,14821,16470
Netherlands,833652544,857184634,5042946398,1058689837,1246958075,1895825515,1240683649,1459952401,6761029860,8963212018,7338083780,5890635762,6630966822,4033930217,3009624010,3301248674,2917062630,2873198974,3177605735,3519127821,3493587625,3673508012,7270184716,8391759085,9001344318,9550433127,10972729658,4541996179,3974552970
Netherlands Antilles,228027,33310,249867,419587,311280,317737,2859395,1425887,60453,186831,94478,207560,39969,484616,233663,118644,0,0,0,0,0,0,0,0,0,0,0,0,0
New Caledonia,33222,31548,1254664,5644,96851,231290,26119,89775,53928,209975,89717,24187,119501,138689,1924213,68461,42316,119784,294148,137327,262438,48113,314516,75079,2021549,207862,100181,333064,214339
New Zealand,2114939,3988964,3461881,2301233,1845607,3644462,7503741,4643491,4474722,8267285,9012825,10138981,14052512,15123665,12256564,13913844,22000382,23928952,24902138,18909591,15846457,14743708,18455194,11337185,7894787,6979138,11015677,17766711,10719670
Nicaragua,7928,11057,84439,70611,83363,7852,246889,46500,77390,429014,57017,192273,123708,538012,92660,135859,169111,521432,15554,260389,295386,104599,218247,246620,173297,118261,25996,1310062,1825830
Niger,4926,1520,195201,120453,278032,318490,115861,125472,57462,220689,574055,37563,831697,1288552,23933,199561,390972,93120,80711,21823,51649,12684,803491,53252,55250,25910,127114,203029,106257
Nigeria,24845,35496,89051,13017,13176,3670,16317,9976,43410,200899,9143,95037,557862,413561,365541,151274,409597,201978,894727,435169,257841,593327,499707,1170625,577965,529675,868743,4169897,2081311
Niue,0,0,0,0,0,0,0,0,0,0,20447,0,0,0,9308,21450,0,0,0,0,10608,0,26065,4959,0,0,0,50441,0
Norfolk Island,0,4932,0,0,0,0,0,0,0,6118,0,0,0,1330,0,0,0,0,0,0,0,0,0,0,0,0,0,0,0
North Korea,10783489,8169743,17564898,19419244,15676497,22265182,34734730,13117330,14917094,27289267,19139966,23376948,29063843,30238903,8499288,37206012,10955388,9173347,10311872,4927623,12310906,4453308,1610365,276430,411988,900067,35458,275384,301604
North Macedonia,41469,27356,27214,47312,44396,19634,142765,142632,212130,58615,45187,396855,413838,563443,219167,627139,324164,389157,443150,962795,1499617,1529667,544414,512177,469493,923991,1040043,1280307,2135137
Northern Mariana Islands,0,0,0,0,1670,4054,0,4999,10834,0,4744,4244,0,0,7700,1821,0,0,1971,0,2331,7398,149521,0,14371,43732,98027,353726,88497
Norway,20995129,24404585,13394105,20484975,16810390,25910738,89624688,64166008,60986674,44252174,62883206,90375615,109962618,155079304,106907508,103498951,116778226,101938703,78695487,78954009,76681554,82006067,67031327,71855815,68505707,54189584,65515976,61635773,63464579
Oman,3915,20937,15739,25747,30256,0,26955,19060,162610,73397,88667,215035,138346,147360,9712,57729,385851,21473,205301,573044,287042,4940883,529685,3709829,1092124,621791,780093,1218801,1302645
Pakistan,72478,47896,144958,97206,305505,122761,159166,173345,371015,774432,475735,379667,295125,236387,880024,561994,1592887,479605,424402,484989,341730,168634,282936,234902,274597,356963,379947,1768379,553425
Palau,464645,25103,242675,0,0,0,5612,51347,0,15157,18447,8119,0,0,0,40784,0,17861,0,54009,0,5105,0,8466,0,0,4903,0,4963
Palestine,0,0,0,0,0,19596,18702,7255,0,44264,0,6273,68312,47395,1237441,1129998,67146,157940,167598,38450,32971,25753,125617,50359,63785,82937,51819,173879,73967
Panama,1177248,335854,1156346,411488,1099363,892763,1539540,901257,858450,2503481,1715159,3114003,4527093,2189144,3242190,4211581,5691978,11795936,4960708,4561239,3285931,1401048,2218943,3728650,4319158,1585106,3856717,9117582,11453180
Papua New Guinea,26187,42398,77063,83370,238207,56879,128395,61034,1710850,108369,53675,245522,795417,977230,1584773,1334900,1236264,177235,82609,962919,170156,76891,146485,865542,1682914,1277644,1817227,3697539,1254609
Paraguay,1241049,1541694,1465848,1660379,568083,124367,518680,1943,325811,44545,109110,78265,80016,40495,132900,22636,75318,133115,45225,19289,272818,71062,30558,30927,92872,45154,580023,562867,191306
Peru,316512,502182,133405,108555,181010,904976,14169012,1493897,1324892,287745,1829179,2289570,1456064,1200216,1189145,1552106,759237,1906710,2697463,988545,2450248,1112492,838236,1488493,829336,504310,1055662,2775860,1838394
Philippines,2996947947,4675267375,6891142327,10611335548,12785758414,15195179229,11232920563,13357159977,15262204654,13791128811,10570538157,7490196553,14014703360,12721257215,8354242752,6132757183,5774640843,9285922494,9924329087,10772099502,13039092198,14260459261,13874281297,13790379960,21391516463,22787324018,24027162828,28616802784,24953177178
Pitcairn,32127,1844,0,1205,152244,19164,16285,1603,43291,3180,126818,19483,8630,7887,0,11081,766974,2354921,97804,2475,0,7586,134510,22247,5559,25502,828365,71505,0
Poland,21342337,8849387,19399939,34353536,11557210,17593855,29490072,53568691,143899351,164522341,173313616,178867315,229914563,279463734,243533172,268200977,329102958,403782172,331447500,289844323,317281776,678699592,644080561,582079909,167591025,210859788,269045212,509035155,571123195
Portugal,366474999,256342843,237841667,218369368,357689399,350271312,523994184,492509492,726080319,712179079,751711448,1360315731,1667419374,1510275856,95569528,31875952,104927796,229660296,188445734,130303454,99173990,196738321,236279107,222754722,289740936,334846875,334526663,458552634,439378844
Qatar,6412,23246,3486,0,23269,349401,6035,289028,46947,65516,2175106,1824619,2347274,121675,802429,680467,1216643,235048,168879,140861,460225,251063,306637,264434,643940,1019619,520899,1930015,10491417
Republic of the Congo,133286,6675,1462,0,12374,246802,75944,265293,12379,36800,10238,202608,104740,47709,24241,564233,200483,100170,57848,17806,90801,218100,599,1151664,13944,24453,407606,264020,49447
Romania,1083420,811859,1413534,2563116,3889297,40235765,31840812,24069256,14658802,42265367,39810626,67830817,65975378,146486908,87731677,93333050,132831453,77669117,89741211,124057576,116570054,115804226,134969244,139043672,171727075,156664851,176849730,241452066,307423060
Russia,26957110,20767467,39570197,29578027,60355583,156272736,57890594,49476210,48965321,62045362,58559219,82123914,77856393,98551271,74363706,86361039,73855197,70399570,74389876,275139064,101675459,66274266,69299981,67261375,69656972,62115134,89896655,40533959,29763669
Rwanda,6961,0,13139,34717,0,61435,20817,7547,13542,229760,59163,46604,169363,0,58145,26384,563728,91436,190068,988885,312318,112064,52883,361535,287156,144836,261719,471534,299028
R?union,262105,0,0,0,0,0,0,0,0,0,0,0,0,0,0,0,0,0,0,0,0,0,0,0,0,0,0,0,0
Saint Barth?lemy,0,0,0,0,0,0,0,0,0,0,0,0,0,0,0,0,0,0,0,0,0,0,72600,0,0,72150,16212,9929,1339
"Saint Helena, Ascension and Tristan da Cunha",11928,7945,16802,0,21174,83314,167505,149089,412804,1224682,30157,302556,91509,813933,21919,35095,1257740,202447,63496,172664,82122,102242,31898,253418,1852153,459671,34767,624121,111605
Saint Kitts and Nevis,11819,28725,44874,99294,49495,132520,134005,164863,59838,220734,503246,52941,12178,45155,35769,134157,19367,5502,1457237,289151,27284,27314,38183,20383,14774,17043,53835,14163,3882
Saint Lucia,5472,3354,15647,2196,19480,48376,7460,2738,13723,80789,70771,41822,16140,24139,5178,900,11449,11874,20005,6268,14093,7777,113689,50223,29501,14113,170477,99860,250474
Saint Pierre and Miquelon,38859,16123,0,3403,1869,0,0,0,0,16107,21596,92748,4585,0,40681,0,1192,1087,0,0,0,0,25823,3923,0,0,0,1675,0
Saint Vincent and the Grenadines,4064,6941,0,0,0,148189,0,7471,44760,0,0,0,0,0,11800,6826,0,75773,7980,10817,53255,22725,40662,6009,0,0,25388,107880,63542
Samoa,0,1139,0,0,29780,0,4170,2679,0,128986,1496995,409038,984110,615948,896864,696583,120744,565109,54991,47903,4961,1832,863299,614622,820006,471036,1984199,4596030,9372996
San Marino,0,0,0,0,0,5532,0,2538,0,31354,40563,92646,126366,503433,103326,337569,783992,377739,141626,24668,83117,22854,31062,20456,39957,50485,32619,132068,73625
Sao Tome and Principe,9759,69429,28487,79380,14228,84476,3669,27875,4449,238379,6990,66640,193472,25876,21325,579126,88991,125774,46957,302139,276204,14987,55855,11446,22035,21259,746036,669351,65465
Saudi Arabia,1194218,633647,1163348,964213,620172,1415141,1076149,973716,1681563,1924145,3895649,6151305,25446416,9712055,8523022,11547750,13149383,6192569,7508937,12422201,11784984,26188952,33395112,14853334,11541771,27388052,13084200,9753134,7689325
Senegal,684184,172909,24919,62668,124560,298182,283210,227781,142796,567984,604515,1006836,691550,420218,607730,351879,1518454,333125,1642538,548183,287614,1186627,256601,248835,552607,374452,243649,1164183,948619
Serbia,0,0,0,0,0,0,0,0,0,0,0,2309917,3288802,8064486,9106080,3743772,6959886,2262675,3928314,2017783,2610228,2977465,2886660,6668788,10709680,98452042,192676125,93013127,167524690
Seychelles,7075,69394,281774,172796,233043,268306,28013,4419,17501,30091,52382,110109,58327,242773,171307,155248,321388,161472,106319,3980138,452918,22136,13277,290069,20939,63201,73063,235534,1300801
Sierra Leone,3081,2642,122408,0,0,8665,36202,24657,7962,122874,51339,138369,493299,101113,1738825,648041,1272749,696958,173653,58931,95859,211916,270711,103664,127493,50920,187760,673839,141419
Singapore,11638136409,12810983913,12889474585,12523228139,14646885920,21716108157,16854034384,18981197347,11361023632,30811571424,16085161949,17922439497,44279276793,43394808438,40195476974,53695229466,54210804727,54549178824,59740152068,60501912807,54725491566,52443836973,59087139356,63027659321,58791295120,65208617734,84750859523,88830873895,77357109625
Slovakia,3575926,2103049,5715601,7009064,7642332,11422799,10109906,14477709,33465089,77478948,158034727,163860810,369614146,284358411,329324168,289420736,222373069,230349966,206027807,184380133,179776643,252644021,206765712,154447065,126676049,123541677,130597098,135093545,194190289
Slovenia,4052210,2869174,2340578,3978170,2617075,3323936,2417510,3689328,7084688,9290246,5505689,7719299,18369967,40789183,29359041,13065391,17343118,13293126,13004449,15984620,14946622,14651325,19498190,25486379,26294725,22244193,31542579,42316198,43643687
Solomon Islands,73636,1577,1309,44440,0,23683,5905,47247,128204,2916,1708,0,43683,163078,0,13393,12335,37675,254232,377421,529553,8469,3788,17415,128905,0,14366,3578,0
Somalia,13678,5587,2603,3027,19357,6306,0,0,184828,9279,281565,128248,0,15715,5257,75754,4961,0,0,3026,1471014,0,81206,681372,74397,251150,793417,5488,0
South Africa,21557588,13073302,8340023,10024915,10718429,18105418,30230209,38986537,40326026,48187860,43349867,40793001,25990649,21765428,18947102,25100078,32858744,26930219,21811460,23886652,27733604,17974432,30062121,25759877,20777352,13737915,16597573,21746167,31861047
South Georgia and South Sandwich Islds.,0,0,0,0,0,0,0,0,0,2493,0,0,0,0,648899,33347,0,20398,0,0,0,0,0,1296437,0,30996,0,1035,0
South Korea,16237324753,13235719341,14589887597,14982283838,16736056101,19009928419,10888504019,11912386688,15028634915,20121106639,24213732756,25690146366,31002261705,25998019012,23769905995,37144559593,38840312789,41234118517,47117668009,52699572466,52324453137,52375425358,95839207413,1.1099E+11,80476783373,85088184584,1.10989E+11,1.1406E+11,87608048751
South Sudan,0,0,0,0,0,0,0,0,0,0,0,0,0,0,0,0,0,0,0,9387,11032,61538,8806,0,0,51472,0,10707,0
Spain,156090282,210133667,269403950,306733539,390305867,402581060,359478826,327910183,625178108,783802630,918942681,586449140,364977828,468787664,229679549,214549361,236053468,267498049,286277587,385607745,322239467,428961185,354986464,450667896,474628158,400691063,491332787,522342613,596212149
Sri Lanka,216006,131826,396665,481098,418558,951527,532897,975991,3190916,1276208,2762350,3434571,2467765,3849726,4990666,8333836,5744327,5038691,4912337,5703063,7492667,10363991,9141921,6870042,13529252,13053626,8483997,8045306,8670501
St-Martin / St Maarten,0,0,0,0,0,0,0,0,0,0,0,0,0,0,0,0,0,2590,0,10431,16683,0,2644,15012,9574,123228,13838,1049,6564
Sudan,2197,18211,75882,24778,0,212744,76441,58364,24426,27934,118843,7195,45829,241299,223411,7089,223552,241576,5979,618,68628,1076,2328,7303,47714,59776,494513,246905,194833
Suriname,3452,49796,0,180972,108903,50936,0,20694,0,174121,35636,71792,207503,1040,25288,31474,56676,195794,20105,24172,3989,361856,146171,144425,25072,3898,20053,9959,12175
Sweden,211468858,356181844,458902394,464654586,412088905,631262726,346722967,243327402,320280665,446066489,403825654,436729644,518744043,488119431,433395760,749657530,1196799240,860782773,219089344,185102781,184275248,176940083,188442121,171209554,206368810,264292550,384034306,507248913,363684066
Switzerland,268353640,292223862,266328260,287108941,292532409,352397417,299147680,271184192,318841106,547287758,478007543,450497564,599919643,739932155,506758988,616481925,604497966,608773678,648926492,665775223,643057834,612195941,677861061,726427308,730298431,704554728,852909130,913813602,918110122
Syria,49644,0,2744,7565,112345,80038,43279,12380,1829,21144,15392,30090,14408,72637,17985,275026,17009,4005,39022,4632,32011,14436,12018,3033,29067,37582,18833,30602,0
Taiwan,6998566353,7423190106,8437416147,8586394588,11652827963,17701038839,13052849934,14683714167,20146902799,24273048515,26850782186,39992292659,41593091759,40083721147,37488781668,50268896386,54926114182,57077843821,62833501760,72416771165,70072297121,78103609551,99008504618,1.00183E+11,1.02972E+11,1.25654E+11,1.53935E+11,1.86516E+11,1.6739E+11
Tajikistan,0,1607,34407,23778,40608,20961,36328,20298,13112,53636,95381,47042,34026,66794,148100,477302,666313,76605,352962,181552,147280,85111,148834,250708,16442,278242,277243,100064,292316
Tanzania,3537,3042,36437,17729,3972,5457,16403,0,23346,319471,4646,26855,496068,456412,200051,91003,100342,1551406,267650,258511,93278,426492,301242,2505392,247332,393415,785356,1302181,486900
Thailand,2216335538,2230298610,2305849672,2080284149,2601067648,4130603523,3259957527,3075272389,4303772763,4762270729,5418039033,6850504223,8083433329,7055995704,6245845317,7880475478,7628596928,6485471008,7008294922,7372297122,7555077093,7609990122,9618685456,8734823598,7660544322,7021566789,8103649774,8982177318,9404446402
The Bahamas,9865,193600,180645,34070,100,2514,0,440487,70023,1065522,1125470,1292417,1510952,1288976,931456,198075,75203,61029,89909,75371,41256,153127,62540,44177,17152,5080,4039,92066,33093
The Gambia,0,46886,7347,18112,0,100769,7296,3948,10465,10862,5996,17938,16168,8419,13972,39056,2038920,718627,847230,156740,20106,52112,40088,13317,8402,11607,107885,69906,8029697
Timor-Leste,20371,0,0,0,0,0,669632,89865,42394,89360,25374,25959,0,24157,14251,37096,119589,80227,119746,90953,505315,182701,62578,100691,26255,27897,412139,187450,73697
Togo,10231,27149,105181,65143,97591,161702,35186,32100,91166,51741,54452,14101,64040,101717,23319,5682,232164,22069,15037,15447,0,2234,153214,4567,47162,213630,357735,302717,3106635
Tokelau,0,25998,0,33321,2317,4105,5114,1604,0,7988,0,1014,7186,3382,19997,6627,74268,1653,13431,5367,0,0,36792,7133,2212,0,1083,10420,31099
Tonga,0,0,0,2050,0,0,3473,0,0,0,0,0,0,0,47210,0,0,0,15238,0,0,0,4264,0,1228,0,0,12218,86147
Trinidad and Tobago,109804,27904,29721,289500,48356,17163,70737,30512,54574,509541,580364,68504,166373,204103,1438976,175160,74744,96997,654119,66872,563374,177586,104042,1590331,666228,534020,389185,182127,1599420
Tunisia,1124971,967471,1796132,4483710,2573572,15917048,23490749,11495189,16462604,17801138,49108917,78565016,53165703,49124256,53854029,82420425,102451652,73294226,76780170,95577168,76153215,92324672,83310692,83763560,85333257,84863518,119087003,177184008,153770170
Turkiye,729897,984866,2073596,3530479,5215574,5404170,5866799,4356130,8284624,9778390,16902266,23438412,25865280,32606049,24641036,29263531,26695216,32607360,30742358,24668723,28298943,32185232,46575162,34980965,27886875,27679171,44686002,59316433,62971269
Turkmenistan,0,0,0,478705,6480,0,7599,4428,125070,29304,233045,63683,479486,185018,14799,380689,239475,731979,97264,38195,46614,73472,11399,63446,317083,6274,30540,24684,12393
Turks and Caicos Islands,0,0,0,0,10592,0,70949,0,34400,14014,76345,15510,21661,215519,40585,44586,102496,38507,48177,275701,337762,202754,263251,198671,717081,383609,128680,344521,1589
Tuvalu,0,7820,0,0,234244,18480,21109,13681,233597,26771,0,0,135680,2357,10414,0,520954,2952,249341,32954,28310,285704,4488,18050,32825,9446,89131,134875,32442
US Minor Outlying Islands,0,0,0,0,0,143908,505793,419941,116416,78218,107318,7683,5036,76813,8383,21414,7141,11281,2652,16856,246933,149008,24485,33501,47241,30150,223670,470323,726378
Uganda,0,22691,55209,10184,8871,23293,45873,3314,27141,303209,23598,78724,103371,56600,541305,217528,61108,149321,55065,76919,126569,10201,23620,14429,28975,13083,54990,826921,146825
Ukraine,354649,3302764,3313476,2177461,3734376,6991686,9683860,11418393,22034724,9802252,5281560,10487166,10067098,16374965,22657465,25965954,13124525,14529895,11277800,12016469,17548557,35967530,41695907,47580030,28429710,24772566,29664711,64299868,37180689
United Arab Emirates,29408519,25974078,8463453,6342257,3345582,15509501,18803635,24392806,15791844,20884724,142137859,40178789,58080574,60846010,64378824,76645162,101897006,490450474,84042496,97238077,102689127,72692105,351899050,287603287,268672702,297843124,361978727,423529724,318114945
United Kingdom,6235208242,5950608601,4664100509,4507413998,4916229472,6828824820,7301573817,7658547079,3477921093,4825162180,5203578059,4823719646,3223440878,2748472217,1665434943,2433911378,2193371963,2030863998,1744502252,1766059821,1644586583,1635110876,1592257287,1647533037,1505939266,1389893576,1595639253,2054096838,1327315173
United States of America,30905064093,31989172174,34701070286,33668626962,42002552349,52944646908,39741880442,37869030117,41198718623,41316099740,40150683528,44964036249,41064274456,40889869662,28748222832,36197668757,34890289587,33471360589,33368435681,33366300448,32062901904,33219998386,39821879232,37585558730,39149462383,43877514251,51332266272,50276433297,43074697495
Uruguay,41697,173257,304948,238211,206423,165221,316639,107153,158525,1182938,780855,933494,735387,1044295,1228228,486660,511379,337195,180775,184536,222433,269975,329282,240797,203558,77490,674040,1157880,1156122
Uzbekistan,0,106263,43522,36964,68135,2571806,337426,429069,305184,276984,415076,3823231,795345,940321,782735,433843,395764,1077318,614116,11853273,498454,352498,707592,1539213,1600366,419307,524715,1695589,642805
Vanuatu,0,3647,0,0,0,1412,0,0,0,23535,108400,213628,0,28110,10838,113225,0,3517,0,42158,940788,412595,1353,0,1688,0,0,79754,13027
Vatican City,0,0,0,0,0,0,0,2718,0,7294,30524,0,25686,30055,16642,91743,75756,6732,12987,6394,0,447804,42217,50113,3324,4122,19025,31069,0
Venezuela,46005,153700,308361,182003,411050,201526,259095,462442,403011,412158,331734,227792,158662,407539,609260,190773,442245,253382,393496,1655665,1292974,551164,348552,174823,531118,102489,464367,110308,26248
Vietnam,531311,126133,2470086,8376732,626421,6845645,20873842,28176763,61545760,100201177,143976001,104311612,135430217,169113392,158099549,370354863,687419344,2398640279,2154690632,2121859183,4040837086,5221085681,8256491339,8172219809,12419015725,14553075903,14303672185,13345995358,28407811948
Wallis and Futuna,0,0,0,0,0,0,0,0,52940,116175,111805,231122,132259,81668,0,3052,0,27191,0,66042,0,24657,266624,16508,673073,77985,66474,11257,16613
Western Sahara,0,0,0,0,0,5389521,0,0,0,185155,0,7377,0,0,0,0,11763,0,0,0,2834,0,0,0,1323,0,0,0,1797
Yemen,0,9481,63579,14201,11749,50722,486207,26202,1891,40621,647548,483669,334703,83283,83252,105744,388213,82675,30203,279657,515267,2450914,93035,150727,214226,1812204,894690,21393,91725
Zambia,16139,0,701570,1069909,1485264,0,16249,3570,11993,0,128993,22811,2817,3094,7017,19637,67853,39262,10299,15843,12888,14838,18633,10409,18439,47919,52805,54481,78814
Zimbabwe,24026,8606,2857,59409,105119,63864,653126,58905,3920,21296,133055,31793,152407,152243,66747,84850,266247,163650,38532,5403,14445,108205,20914,61820,42236,3391,43993,159206,825063
